date_key,category_key,bucket_key,total_listings,total_revenue
2020-11-01,122,4,2,470.12
2021-09-01,95,2,1,15.99
2022-01-01,110,4,1,120.0
2022-04-01,45,4,1,200.0
2022-08-01,145,1,2,11.98
2023-03-01,81,4,2,550.0
2023-03-01,160,3,1,98.0
2023-05-01,2,3,2,164.0
2023-05-01,190,2,1,28.0
2023-07-01,94,3,1,90.0
2023-08-01,87,3,1,59.0
2023-10-01,108,4,1,299.0
2023-12-01,17,2,3,121.97
2023-12-01,17,4,20,3411.84
2023-12-01,17,3,3,253.97
2023-12-01,18,2,7,256.95
2023-12-01,18,4,7,949.95
2023-12-01,18,3,5,375.97
2023-12-01,25,2,8,257.96
2023-12-01,25,4,13,1704.89
2023-12-01,25,3,6,452.95
2023-12-01,28,2,10,332.91
2023-12-01,28,4,7,1090.94
2023-12-01,28,3,12,846.93
2023-12-01,32,4,14,4538.89
2023-12-01,32,6,7,9746.95
2023-12-01,32,5,8,4938.95
2023-12-01,45,4,17,5185.88
2023-12-01,45,5,2,1445.0
2023-12-01,51,2,14,459.88
2023-12-01,51,4,5,645.97
2023-12-01,51,3,10,658.92
2023-12-01,58,4,8,3039.93
2023-12-01,58,6,10,15227.93
2023-12-01,58,5,6,4005.94
2023-12-01,77,2,1,32.99
2023-12-01,77,4,17,3826.88
2023-12-01,77,3,2,166.99
2023-12-01,77,5,1,500.99
2023-12-01,96,2,10,330.93
2023-12-01,96,4,11,1626.91
2023-12-01,96,3,15,1059.9
2023-12-01,97,2,2,65.99
2023-12-01,97,4,18,4211.89
2023-12-01,97,3,3,236.99
2023-12-01,104,2,5,165.96
2023-12-01,104,4,15,2300.9
2023-12-01,104,3,9,617.96
2023-12-01,108,4,3,750.0
2023-12-01,132,2,6,236.96
2023-12-01,132,4,14,2037.92
2023-12-01,132,3,7,522.94
2023-12-01,162,2,6,189.96
2023-12-01,162,4,7,1051.95
2023-12-01,162,3,17,1267.87
2023-12-01,198,2,7,233.95
2023-12-01,198,4,5,752.96
2023-12-01,198,3,9,601.94
2023-12-01,206,2,5,140.97
2023-12-01,206,4,4,679.97
2023-12-01,206,3,11,749.91
2023-12-01,216,2,8,189.96
2023-12-01,216,4,2,201.98
2023-12-01,216,3,6,459.96
2023-12-01,229,2,7,249.95
2023-12-01,229,4,7,981.94
2023-12-01,229,3,10,706.94
2024-01-01,17,1,1,9.99
2024-01-01,17,2,12,446.92
2024-01-01,17,4,69,12940.51
2024-01-01,17,3,50,3905.58
2024-01-01,18,2,29,975.78
2024-01-01,18,4,41,6609.65
2024-01-01,18,3,48,3605.69
2024-01-01,25,2,33,1186.8
2024-01-01,25,4,38,6002.71
2024-01-01,25,3,48,3514.73
2024-01-01,28,2,29,953.78
2024-01-01,28,4,48,6902.58
2024-01-01,28,3,30,2205.79
2024-01-01,32,4,53,16182.61
2024-01-01,32,6,28,36952.8
2024-01-01,32,5,54,37313.64
2024-01-01,45,2,1,34.99
2024-01-01,45,4,92,24495.3
2024-01-01,45,3,6,470.94
2024-01-01,45,5,16,10716.9
2024-01-01,51,2,50,1598.61
2024-01-01,51,4,18,2322.89
2024-01-01,51,3,41,2872.72
2024-01-01,58,4,49,17587.63
2024-01-01,58,6,42,63971.78
2024-01-01,58,5,56,42618.63
2024-01-01,77,2,4,136.98
2024-01-01,77,4,74,15607.53
2024-01-01,77,3,20,1637.85
2024-01-01,77,5,8,4006.93
2024-01-01,96,2,35,1228.78
2024-01-01,96,4,30,4964.75
2024-01-01,96,3,37,2785.74
2024-01-01,97,2,5,186.97
2024-01-01,97,4,75,16599.49
2024-01-01,97,3,32,2425.79
2024-01-01,104,2,35,1114.76
2024-01-01,104,4,44,6723.72
2024-01-01,104,3,54,4150.56
2024-01-01,132,2,34,1075.71
2024-01-01,132,4,33,5040.81
2024-01-01,132,3,54,3976.61
2024-01-01,159,4,2,460.0
2024-01-01,162,2,37,1373.74
2024-01-01,162,4,41,6110.7
2024-01-01,162,3,46,3388.7
2024-01-01,190,3,1,70.0
2024-01-01,198,2,34,1091.76
2024-01-01,198,4,43,6255.66
2024-01-01,198,3,41,2919.65
2024-01-01,206,2,30,1045.83
2024-01-01,206,4,36,5386.77
2024-01-01,206,3,44,3202.71
2024-01-01,216,1,3,28.97
2024-01-01,216,2,81,2383.46
2024-01-01,216,4,8,807.92
2024-01-01,216,3,33,2315.8
2024-01-01,229,2,37,1330.75
2024-01-01,229,4,39,6000.72
2024-01-01,229,3,37,2645.71
2024-02-01,17,2,18,695.87
2024-02-01,17,4,53,10644.63
2024-02-01,17,3,38,2846.74
2024-02-01,18,2,27,945.78
2024-02-01,18,4,33,4916.8
2024-02-01,18,3,40,3019.71
2024-02-01,25,2,25,810.83
2024-02-01,25,4,44,6708.67
2024-02-01,25,3,41,3153.7
2024-02-01,28,2,35,1269.74
2024-02-01,28,4,41,5958.73
2024-02-01,28,3,42,3189.7
2024-02-01,32,4,66,20813.52
2024-02-01,32,6,25,32696.79
2024-02-01,32,3,1,84.0
2024-02-01,32,5,33,22709.8
2024-02-01,45,4,76,18475.45
2024-02-01,45,3,9,781.93
2024-02-01,45,5,21,14438.83
2024-02-01,51,2,62,1943.63
2024-02-01,51,4,23,3026.83
2024-02-01,51,3,42,2950.68
2024-02-01,58,4,34,11962.73
2024-02-01,58,6,36,51860.81
2024-02-01,58,5,35,24723.8
2024-02-01,77,2,4,168.99
2024-02-01,77,4,90,20447.36
2024-02-01,77,3,19,1515.85
2024-02-01,77,5,8,4003.96
2024-02-01,96,2,28,925.79
2024-02-01,96,4,41,6351.7
2024-02-01,96,3,48,3362.72
2024-02-01,97,2,4,172.98
2024-02-01,97,4,76,16673.46
2024-02-01,97,3,17,1329.91
2024-02-01,104,2,38,1260.74
2024-02-01,104,4,35,4921.76
2024-02-01,104,3,32,2352.77
2024-02-01,124,4,2,940.24
2024-02-01,132,2,27,973.82
2024-02-01,132,4,31,4761.73
2024-02-01,132,3,33,2264.77
2024-02-01,162,2,29,1017.82
2024-02-01,162,4,55,8525.68
2024-02-01,162,3,35,2456.76
2024-02-01,198,2,24,785.8
2024-02-01,198,4,24,4026.83
2024-02-01,198,3,44,3232.69
2024-02-01,206,2,41,1415.71
2024-02-01,206,4,29,4371.85
2024-02-01,206,3,55,4180.63
2024-02-01,216,1,2,19.98
2024-02-01,216,2,76,2209.43
2024-02-01,216,4,9,907.92
2024-02-01,216,3,22,1580.84
2024-02-01,229,2,30,1046.83
2024-02-01,229,4,30,4292.81
2024-02-01,229,3,50,3627.67
2024-02-01,236,2,2,78.0
2024-03-01,17,2,25,883.82
2024-03-01,17,4,60,11175.61
2024-03-01,17,3,37,2734.71
2024-03-01,18,2,34,1118.83
2024-03-01,18,4,52,7828.61
2024-03-01,18,3,46,3342.67
2024-03-01,25,2,36,1284.72
2024-03-01,25,4,38,5864.72
2024-03-01,25,3,44,3064.67
2024-03-01,28,2,35,1215.73
2024-03-01,28,4,27,4194.81
2024-03-01,28,3,43,3102.72
2024-03-01,32,4,59,19304.52
2024-03-01,32,6,28,36405.8
2024-03-01,32,3,1,93.99
2024-03-01,32,5,48,34641.66
2024-03-01,45,4,87,21405.45
2024-03-01,45,3,10,765.91
2024-03-01,45,5,30,19556.8
2024-03-01,51,2,41,1254.71
2024-03-01,51,4,20,2696.82
2024-03-01,51,3,43,3074.66
2024-03-01,58,4,37,12750.76
2024-03-01,58,6,35,52023.77
2024-03-01,58,3,1,92.0
2024-03-01,58,5,50,34589.59
2024-03-01,77,2,6,227.97
2024-03-01,77,4,94,20792.26
2024-03-01,77,3,17,1237.92
2024-03-01,77,5,7,3505.94
2024-03-01,96,2,28,1014.82
2024-03-01,96,4,36,5862.74
2024-03-01,96,3,42,3089.69
2024-03-01,97,2,13,499.88
2024-03-01,97,4,81,17116.49
2024-03-01,97,3,29,2185.78
2024-03-01,104,2,30,1004.84
2024-03-01,104,4,32,4683.77
2024-03-01,104,3,59,4389.57
2024-03-01,132,2,27,884.8
2024-03-01,132,4,42,6256.74
2024-03-01,132,3,42,3075.7
2024-03-01,162,2,35,1274.73
2024-03-01,162,4,42,6639.68
2024-03-01,162,3,39,2696.72
2024-03-01,198,2,32,1109.78
2024-03-01,198,4,43,6176.67
2024-03-01,198,3,37,2608.72
2024-03-01,206,2,30,1041.8
2024-03-01,206,4,41,6161.75
2024-03-01,206,3,51,3839.63
2024-03-01,216,1,7,58.97
2024-03-01,216,2,67,2108.54
2024-03-01,216,4,5,503.96
2024-03-01,216,3,17,1058.85
2024-03-01,229,2,29,987.79
2024-03-01,229,4,40,6237.77
2024-03-01,229,3,50,3779.68
2024-04-01,17,2,19,715.86
2024-04-01,17,4,59,11018.63
2024-04-01,17,3,32,2404.83
2024-04-01,18,2,32,1201.77
2024-04-01,18,4,31,4809.78
2024-04-01,18,3,49,3371.69
2024-04-01,25,2,32,1222.74
2024-04-01,25,4,37,5790.78
2024-04-01,25,3,39,2873.7
2024-04-01,28,2,44,1512.73
2024-04-01,28,4,36,5507.74
2024-04-01,28,3,32,2340.81
2024-04-01,32,4,46,15015.7
2024-04-01,32,6,22,29045.86
2024-04-01,32,3,1,52.99
2024-04-01,32,5,44,32068.73
2024-04-01,45,2,1,46.99
2024-04-01,45,4,88,23337.36
2024-04-01,45,3,3,292.97
2024-04-01,45,5,14,9567.97
2024-04-01,51,2,33,1121.74
2024-04-01,51,4,23,2980.87
2024-04-01,51,3,45,3241.67
2024-04-01,58,4,48,16521.7
2024-04-01,58,6,38,54906.7
2024-04-01,58,3,1,67.99
2024-04-01,58,5,42,29627.69
2024-04-01,77,2,6,221.96
2024-04-01,77,4,84,18905.41
2024-04-01,77,3,16,1222.89
2024-04-01,77,5,9,4507.92
2024-04-01,96,2,39,1260.72
2024-04-01,96,4,46,7078.68
2024-04-01,96,3,42,2963.68
2024-04-01,97,2,7,279.93
2024-04-01,97,4,85,18157.46
2024-04-01,97,3,34,2524.76
2024-04-01,104,2,28,911.81
2024-04-01,104,4,34,5564.75
2024-04-01,104,3,50,3604.64
2024-04-01,132,2,42,1513.71
2024-04-01,132,4,38,5474.79
2024-04-01,132,3,40,2931.71
2024-04-01,162,2,25,902.83
2024-04-01,162,4,32,5143.77
2024-04-01,162,3,41,2930.67
2024-04-01,177,2,1,20.9
2024-04-01,198,2,31,1090.81
2024-04-01,198,4,39,5677.74
2024-04-01,198,3,49,3671.66
2024-04-01,206,2,36,1293.71
2024-04-01,206,4,39,6148.77
2024-04-01,206,3,45,3250.71
2024-04-01,216,1,1,9.99
2024-04-01,216,2,72,1983.47
2024-04-01,216,4,7,705.94
2024-04-01,216,3,21,1494.83
2024-04-01,229,2,28,955.86
2024-04-01,229,4,47,6979.71
2024-04-01,229,3,49,3440.62
2024-05-01,17,2,21,771.85
2024-05-01,17,4,60,10609.59
2024-05-01,17,3,31,2417.8
2024-05-01,18,2,41,1364.71
2024-05-01,18,4,39,6043.69
2024-05-01,18,3,47,3318.66
2024-05-01,25,2,31,1091.81
2024-05-01,25,4,47,7642.65
2024-05-01,25,3,42,2923.7
2024-05-01,28,2,42,1233.69
2024-05-01,28,4,43,6734.69
2024-05-01,28,3,44,3122.69
2024-05-01,32,4,67,22241.52
2024-05-01,32,6,36,47477.74
2024-05-01,32,3,1,76.99
2024-05-01,32,5,41,28486.7
2024-05-01,45,4,91,24318.41
2024-05-01,45,3,6,479.95
2024-05-01,45,5,17,11744.89
2024-05-01,51,2,39,1176.72
2024-05-01,51,4,14,1912.91
2024-05-01,51,3,42,2940.7
2024-05-01,58,4,37,12636.73
2024-05-01,58,6,25,30904.83
2024-05-01,58,5,31,21997.79
2024-05-01,77,2,1,47.99
2024-05-01,77,4,70,14422.53
2024-05-01,77,3,24,1787.82
2024-05-01,77,5,9,4504.95
2024-05-01,96,2,37,1339.7
2024-05-01,96,4,33,4845.76
2024-05-01,96,3,47,3305.64
2024-05-01,97,2,9,353.94
2024-05-01,97,4,90,19976.45
2024-05-01,97,3,30,2301.79
2024-05-01,104,2,41,1526.67
2024-05-01,104,4,40,5864.73
2024-05-01,104,3,36,2555.73
2024-05-01,108,3,2,170.0
2024-05-01,120,3,2,122.0
2024-05-01,132,2,32,1111.77
2024-05-01,132,4,32,4802.77
2024-05-01,132,3,60,4303.63
2024-05-01,162,2,43,1503.65
2024-05-01,162,4,40,6129.74
2024-05-01,162,3,43,3120.63
2024-05-01,198,2,34,1128.78
2024-05-01,198,4,43,6479.73
2024-05-01,198,3,42,3173.71
2024-05-01,206,2,26,796.86
2024-05-01,206,4,41,6203.69
2024-05-01,206,3,40,2737.7
2024-05-01,216,1,7,53.95
2024-05-01,216,2,87,2561.4
2024-05-01,216,4,11,1108.91
2024-05-01,216,3,32,2211.75
2024-05-01,229,2,35,1256.8
2024-05-01,229,4,34,5466.73
2024-05-01,229,3,43,3278.68
2024-05-01,233,4,1,125.0
2024-06-01,15,4,1,177.57
2024-06-01,17,2,19,708.87
2024-06-01,17,4,62,11240.5
2024-06-01,17,3,37,2845.72
2024-06-01,18,2,28,1026.79
2024-06-01,18,4,42,6286.67
2024-06-01,18,3,43,3087.66
2024-06-01,25,2,36,1255.74
2024-06-01,25,4,37,5448.77
2024-06-01,25,3,45,3211.7
2024-06-01,28,2,34,1100.78
2024-06-01,28,4,48,7549.68
2024-06-01,28,3,48,3432.68
2024-06-01,32,4,59,18215.65
2024-06-01,32,6,19,24996.89
2024-06-01,32,3,1,77.0
2024-06-01,32,5,36,26000.78
2024-06-01,45,4,82,21858.44
2024-06-01,45,3,11,915.91
2024-06-01,45,5,25,17301.83
2024-06-01,51,2,46,1604.66
2024-06-01,51,4,32,4269.76
2024-06-01,51,3,44,3160.67
2024-06-01,58,4,32,10746.78
2024-06-01,58,6,33,48911.78
2024-06-01,58,5,45,33745.67
2024-06-01,77,2,3,89.98
2024-06-01,77,4,91,21300.37
2024-06-01,77,3,22,1732.82
2024-06-01,77,5,8,4006.93
2024-06-01,96,2,31,926.77
2024-06-01,96,4,42,5998.68
2024-06-01,96,3,43,3327.71
2024-06-01,97,2,5,163.97
2024-06-01,97,4,87,18858.42
2024-06-01,97,3,27,1979.8
2024-06-01,104,2,33,1213.77
2024-06-01,104,4,31,4754.78
2024-06-01,104,3,47,3432.6
2024-06-01,132,2,36,1412.74
2024-06-01,132,4,33,5032.79
2024-06-01,132,3,44,3088.66
2024-06-01,162,2,40,1337.72
2024-06-01,162,4,29,4578.78
2024-06-01,162,3,44,3217.71
2024-06-01,198,2,25,845.83
2024-06-01,198,4,35,5557.75
2024-06-01,198,3,35,2554.72
2024-06-01,206,2,36,1272.75
2024-06-01,206,4,41,6135.67
2024-06-01,206,3,39,3042.72
2024-06-01,216,1,5,43.96
2024-06-01,216,2,64,1958.56
2024-06-01,216,4,11,1106.93
2024-06-01,216,3,24,1635.83
2024-06-01,229,2,29,941.76
2024-06-01,229,4,43,6761.73
2024-06-01,229,3,42,2942.72
2024-07-01,17,2,16,648.89
2024-07-01,17,4,55,11178.59
2024-07-01,17,3,36,2554.73
2024-07-01,18,2,23,736.83
2024-07-01,18,4,42,6076.7
2024-07-01,18,3,52,3800.59
2024-07-01,25,2,25,878.79
2024-07-01,25,4,41,6102.71
2024-07-01,25,3,39,2933.69
2024-07-01,28,2,37,1211.73
2024-07-01,28,4,39,5758.76
2024-07-01,28,3,57,3963.53
2024-07-01,32,4,65,20687.58
2024-07-01,32,6,26,35346.82
2024-07-01,32,3,2,179.98
2024-07-01,32,5,60,43314.6
2024-07-01,45,2,1,44.0
2024-07-01,45,4,87,22409.34
2024-07-01,45,3,10,736.91
2024-07-01,45,5,28,18230.83
2024-07-01,51,2,39,1272.71
2024-07-01,51,4,28,3780.83
2024-07-01,51,3,46,3000.68
2024-07-01,58,4,29,10509.79
2024-07-01,58,6,36,55296.75
2024-07-01,58,5,44,31977.73
2024-07-01,77,2,8,312.94
2024-07-01,77,4,90,19875.24
2024-07-01,77,3,24,1716.85
2024-07-01,77,5,6,3003.96
2024-07-01,96,2,34,1190.81
2024-07-01,96,4,46,6745.69
2024-07-01,96,3,46,3357.68
2024-07-01,97,2,4,170.97
2024-07-01,97,4,76,17177.46
2024-07-01,97,3,29,2225.78
2024-07-01,104,2,41,1297.73
2024-07-01,104,4,32,4599.78
2024-07-01,104,3,45,3334.67
2024-07-01,132,2,39,1432.75
2024-07-01,132,4,39,5847.77
2024-07-01,132,3,41,2856.71
2024-07-01,162,2,24,767.85
2024-07-01,162,4,35,5142.85
2024-07-01,162,3,55,3988.58
2024-07-01,179,3,1,57.0
2024-07-01,194,4,2,800.0
2024-07-01,198,2,39,1293.81
2024-07-01,198,4,50,7461.68
2024-07-01,198,3,38,2639.77
2024-07-01,206,2,35,1195.75
2024-07-01,206,4,44,6822.66
2024-07-01,206,3,48,3632.64
2024-07-01,216,1,3,18.98
2024-07-01,216,2,87,2704.42
2024-07-01,216,4,10,1007.92
2024-07-01,216,3,24,1748.82
2024-07-01,229,2,37,1248.76
2024-07-01,229,4,43,6832.69
2024-07-01,229,3,42,3082.68
2024-08-01,17,2,25,896.85
2024-08-01,17,4,56,9620.7
2024-08-01,17,3,35,2599.78
2024-08-01,18,2,32,1123.79
2024-08-01,18,4,40,6106.72
2024-08-01,18,3,48,3688.65
2024-08-01,25,2,28,1009.81
2024-08-01,25,4,45,6702.73
2024-08-01,25,3,38,2767.72
2024-08-01,28,2,29,937.79
2024-08-01,28,4,40,6130.71
2024-08-01,28,3,28,2061.78
2024-08-01,32,4,57,17625.54
2024-08-01,32,6,14,19342.87
2024-08-01,32,3,1,55.0
2024-08-01,32,5,35,24224.78
2024-08-01,45,4,86,22048.43
2024-08-01,45,3,5,411.96
2024-08-01,45,5,19,11641.88
2024-08-01,51,2,52,1608.61
2024-08-01,51,4,18,2409.85
2024-08-01,51,3,46,3431.7
2024-08-01,58,4,47,15214.65
2024-08-01,58,6,36,56135.74
2024-08-01,58,5,50,36883.61
2024-08-01,77,2,9,374.92
2024-08-01,77,4,87,18184.43
2024-08-01,77,3,24,1800.85
2024-08-01,77,5,8,4003.96
2024-08-01,96,2,26,868.84
2024-08-01,96,4,30,4755.75
2024-08-01,96,3,43,3099.67
2024-08-01,97,2,4,159.97
2024-08-01,97,4,83,18090.46
2024-08-01,97,3,31,2450.8
2024-08-01,104,2,40,1375.72
2024-08-01,104,4,51,7459.66
2024-08-01,104,3,38,2724.69
2024-08-01,132,2,30,916.77
2024-08-01,132,4,39,5779.68
2024-08-01,132,3,36,2466.79
2024-08-01,162,2,38,1314.69
2024-08-01,162,4,37,5476.81
2024-08-01,162,3,34,2725.76
2024-08-01,179,3,2,114.0
2024-08-01,198,2,40,1369.71
2024-08-01,198,4,31,4467.82
2024-08-01,198,3,56,4209.59
2024-08-01,206,2,47,1608.74
2024-08-01,206,4,41,5969.73
2024-08-01,206,3,44,3271.68
2024-08-01,216,1,5,41.97
2024-08-01,216,2,80,2528.47
2024-08-01,216,4,5,504.95
2024-08-01,216,3,30,2141.77
2024-08-01,229,2,21,781.85
2024-08-01,229,4,45,6822.65
2024-08-01,229,3,43,3255.7
2024-09-01,17,2,18,678.86
2024-09-01,17,4,60,10900.61
2024-09-01,17,3,37,2832.78
2024-09-01,18,2,24,828.83
2024-09-01,18,4,44,6695.72
2024-09-01,18,3,45,3365.66
2024-09-01,25,2,35,1231.78
2024-09-01,25,4,34,5117.8
2024-09-01,25,3,41,3013.73
2024-09-01,28,2,23,856.84
2024-09-01,28,4,39,6404.73
2024-09-01,28,3,34,2400.73
2024-09-01,32,4,56,17157.62
2024-09-01,32,6,10,13033.92
2024-09-01,32,3,2,129.99
2024-09-01,32,5,30,22491.78
2024-09-01,45,4,93,24335.31
2024-09-01,45,3,6,463.96
2024-09-01,45,5,17,11468.87
2024-09-01,51,2,47,1420.68
2024-09-01,51,4,22,2931.87
2024-09-01,51,3,42,2940.68
2024-09-01,58,4,29,9656.81
2024-09-01,58,6,23,33878.86
2024-09-01,58,3,1,89.0
2024-09-01,58,5,35,25498.74
2024-09-01,77,2,5,195.97
2024-09-01,77,4,71,16284.52
2024-09-01,77,3,22,1723.85
2024-09-01,77,5,9,4507.92
2024-09-01,96,2,30,992.74
2024-09-01,96,4,34,5667.74
2024-09-01,96,3,35,2559.75
2024-09-01,97,2,5,165.97
2024-09-01,97,4,74,15747.45
2024-09-01,97,3,23,1613.82
2024-09-01,104,2,34,1135.74
2024-09-01,104,4,46,6795.65
2024-09-01,104,3,45,3388.66
2024-09-01,132,2,38,1356.76
2024-09-01,132,4,34,5045.74
2024-09-01,132,3,52,3807.73
2024-09-01,162,2,35,1209.76
2024-09-01,162,4,45,7071.69
2024-09-01,162,3,34,2405.73
2024-09-01,198,2,35,1112.72
2024-09-01,198,4,38,5751.74
2024-09-01,198,3,38,2629.72
2024-09-01,206,2,42,1377.67
2024-09-01,206,4,37,5694.72
2024-09-01,206,3,36,2497.75
2024-09-01,209,4,3,540.0
2024-09-01,216,1,3,24.98
2024-09-01,216,2,69,1931.54
2024-09-01,216,4,6,604.95
2024-09-01,216,3,25,1816.85
2024-09-01,229,2,27,860.85
2024-09-01,229,4,33,4981.79
2024-09-01,229,3,58,4408.61
2024-10-01,14,2,5,175.45
2024-10-01,17,2,11,387.92
2024-10-01,17,4,54,9503.61
2024-10-01,17,3,30,2229.8
2024-10-01,18,2,31,965.78
2024-10-01,18,4,42,6383.66
2024-10-01,18,3,39,2834.72
2024-10-01,25,2,30,1028.8
2024-10-01,25,4,26,3828.84
2024-10-01,25,3,50,3599.62
2024-10-01,28,2,28,1043.8
2024-10-01,28,4,31,4835.78
2024-10-01,28,3,46,3259.68
2024-10-01,32,4,56,16872.63
2024-10-01,32,6,17,22963.9
2024-10-01,32,3,1,87.0
2024-10-01,32,5,44,31986.67
2024-10-01,45,2,1,46.99
2024-10-01,45,4,80,20616.39
2024-10-01,45,3,5,401.96
2024-10-01,45,5,20,13127.85
2024-10-01,51,2,39,1282.73
2024-10-01,51,4,20,2702.84
2024-10-01,51,3,38,2474.78
2024-10-01,58,4,41,14828.74
2024-10-01,58,6,36,50985.8
2024-10-01,58,5,46,33092.74
2024-10-01,77,2,4,165.96
2024-10-01,77,4,84,20573.39
2024-10-01,77,3,14,1137.9
2024-10-01,77,5,4,2001.98
2024-10-01,96,2,37,1293.7
2024-10-01,96,4,39,6182.71
2024-10-01,96,3,41,3173.73
2024-10-01,97,2,10,368.92
2024-10-01,97,4,71,15438.57
2024-10-01,97,3,19,1373.87
2024-10-01,104,2,39,1426.78
2024-10-01,104,4,36,5790.76
2024-10-01,104,3,36,2566.74
2024-10-01,132,2,29,984.77
2024-10-01,132,4,39,6458.72
2024-10-01,132,3,36,2602.79
2024-10-01,162,2,28,957.86
2024-10-01,162,4,34,4827.8
2024-10-01,162,3,37,2697.71
2024-10-01,198,2,24,827.84
2024-10-01,198,4,37,5751.76
2024-10-01,198,3,47,3381.69
2024-10-01,206,2,25,891.84
2024-10-01,206,4,45,6761.64
2024-10-01,206,3,48,3374.7
2024-10-01,216,1,4,39.96
2024-10-01,216,2,72,2122.48
2024-10-01,216,4,11,1107.92
2024-10-01,216,3,36,2432.74
2024-10-01,229,2,34,1198.76
2024-10-01,229,4,38,5789.75
2024-10-01,229,3,46,3330.7
2024-11-01,17,2,13,462.93
2024-11-01,17,4,52,9039.66
2024-11-01,17,3,34,2490.76
2024-11-01,18,2,32,1126.77
2024-11-01,18,4,29,4479.74
2024-11-01,18,3,39,2881.72
2024-11-01,25,2,35,1123.75
2024-11-01,25,4,31,4766.75
2024-11-01,25,3,39,2724.74
2024-11-01,28,2,28,990.8
2024-11-01,28,4,29,4404.76
2024-11-01,28,3,35,2546.76
2024-11-01,32,4,49,16635.66
2024-11-01,32,6,15,19166.91
2024-11-01,32,3,2,152.98
2024-11-01,32,5,35,24907.75
2024-11-01,45,2,1,44.99
2024-11-01,45,4,70,18903.49
2024-11-01,45,3,10,868.94
2024-11-01,45,5,19,12565.87
2024-11-01,51,2,53,1738.6
2024-11-01,51,4,23,2831.88
2024-11-01,51,3,38,2754.74
2024-11-01,58,4,33,10969.78
2024-11-01,58,6,28,40102.79
2024-11-01,58,5,35,26583.72
2024-11-01,77,2,2,83.98
2024-11-01,77,4,73,15873.46
2024-11-01,77,3,14,1169.91
2024-11-01,77,5,8,4004.95
2024-11-01,96,2,28,877.84
2024-11-01,96,4,34,5524.74
2024-11-01,96,3,37,2677.73
2024-11-01,97,2,6,258.95
2024-11-01,97,4,71,15399.53
2024-11-01,97,3,17,1296.87
2024-11-01,104,2,40,1383.78
2024-11-01,104,4,41,6005.69
2024-11-01,104,3,50,3781.65
2024-11-01,132,2,41,1387.73
2024-11-01,132,4,29,4613.78
2024-11-01,132,3,37,2694.73
2024-11-01,162,2,33,1181.76
2024-11-01,162,4,23,3591.84
2024-11-01,162,3,36,2591.8
2024-11-01,198,2,34,1157.74
2024-11-01,198,4,36,5333.7
2024-11-01,198,3,34,2462.8
2024-11-01,206,2,25,918.8
2024-11-01,206,4,35,5295.77
2024-11-01,206,3,45,3139.7
2024-11-01,216,1,5,40.96
2024-11-01,216,2,73,2124.49
2024-11-01,216,4,10,1008.91
2024-11-01,216,3,29,1975.79
2024-11-01,229,2,45,1623.65
2024-11-01,229,4,32,4796.76
2024-11-01,229,3,40,2828.72
2024-11-01,242,4,2,299.78
2024-11-01,243,3,4,280.0
2024-12-01,17,2,23,808.88
2024-12-01,17,4,57,11120.62
2024-12-01,17,3,33,2567.77
2024-12-01,18,2,38,1364.73
2024-12-01,18,4,37,5730.77
2024-12-01,18,3,44,3099.72
2024-12-01,25,2,31,1129.77
2024-12-01,25,4,27,4090.83
2024-12-01,25,3,35,2504.72
2024-12-01,28,2,25,859.85
2024-12-01,28,4,43,6257.72
2024-12-01,28,3,51,3609.64
2024-12-01,32,4,37,11590.74
2024-12-01,32,6,27,36826.78
2024-12-01,32,3,1,84.99
2024-12-01,32,5,35,24376.79
2024-12-01,45,2,2,74.98
2024-12-01,45,4,77,19480.46
2024-12-01,45,3,8,690.95
2024-12-01,45,5,23,15480.82
2024-12-01,51,2,53,1725.58
2024-12-01,51,4,22,2948.85
2024-12-01,51,3,43,3013.73
2024-12-01,58,4,39,13066.73
2024-12-01,58,6,27,41349.84
2024-12-01,58,5,42,30849.74
2024-12-01,77,2,3,119.97
2024-12-01,77,4,72,15332.57
2024-12-01,77,3,26,1993.83
2024-12-01,77,5,11,5506.93
2024-12-01,96,2,39,1332.67
2024-12-01,96,4,34,5116.76
2024-12-01,96,3,40,2871.78
2024-12-01,97,2,6,251.95
2024-12-01,97,4,78,17201.41
2024-12-01,97,3,21,1585.88
2024-12-01,104,2,35,1206.74
2024-12-01,104,4,36,5658.72
2024-12-01,104,3,39,2719.72
2024-12-01,121,2,2,34.0
2024-12-01,132,2,35,1123.76
2024-12-01,132,4,32,4758.78
2024-12-01,132,3,50,3676.64
2024-12-01,162,2,26,973.87
2024-12-01,162,4,38,5592.73
2024-12-01,162,3,50,3788.64
2024-12-01,198,2,35,1223.75
2024-12-01,198,4,44,6719.76
2024-12-01,198,3,40,2903.7
2024-12-01,206,2,34,1123.71
2024-12-01,206,4,36,5110.71
2024-12-01,206,3,37,2707.75
2024-12-01,216,1,2,15.99
2024-12-01,216,2,80,2625.46
2024-12-01,216,4,9,905.94
2024-12-01,216,3,30,2024.83
2024-12-01,225,3,1,88.0
2024-12-01,229,2,28,1079.84
2024-12-01,229,4,30,4444.8
2024-12-01,229,3,38,2689.71
2024-12-01,242,4,2,299.78
2025-01-01,5,2,2,36.0
2025-01-01,17,2,23,782.84
2025-01-01,17,4,67,12123.54
2025-01-01,17,3,48,3458.7
2025-01-01,18,2,45,1472.7
2025-01-01,18,4,34,5209.77
2025-01-01,18,3,54,3819.61
2025-01-01,25,2,39,1361.72
2025-01-01,25,4,42,6312.72
2025-01-01,25,3,33,2318.74
2025-01-01,28,2,42,1472.73
2025-01-01,28,4,51,8114.67
2025-01-01,28,3,54,4019.65
2025-01-01,32,4,54,17065.61
2025-01-01,32,6,15,18436.93
2025-01-01,32,3,2,170.98
2025-01-01,32,5,38,26144.76
2025-01-01,45,2,1,44.99
2025-01-01,45,4,70,18770.52
2025-01-01,45,3,12,884.89
2025-01-01,45,5,21,14945.89
2025-01-01,51,2,44,1564.7
2025-01-01,51,4,28,3747.82
2025-01-01,51,3,31,2133.78
2025-01-01,58,4,43,15012.69
2025-01-01,58,6,32,46671.77
2025-01-01,58,5,47,32491.66
2025-01-01,77,2,2,77.98
2025-01-01,77,4,90,20566.39
2025-01-01,77,3,17,1331.87
2025-01-01,77,5,11,5506.93
2025-01-01,96,2,32,1077.77
2025-01-01,96,4,36,5197.68
2025-01-01,96,3,50,3609.65
2025-01-01,97,2,8,248.92
2025-01-01,97,4,87,20254.47
2025-01-01,97,3,32,2334.78
2025-01-01,104,2,41,1441.71
2025-01-01,104,4,44,7059.68
2025-01-01,104,3,44,3449.7
2025-01-01,132,2,35,1216.76
2025-01-01,132,4,34,5243.75
2025-01-01,132,3,59,4354.62
2025-01-01,162,2,40,1436.7
2025-01-01,162,4,40,6176.75
2025-01-01,162,3,37,2722.74
2025-01-01,198,2,30,992.77
2025-01-01,198,4,49,7247.56
2025-01-01,198,3,43,2931.72
2025-01-01,206,2,33,1107.78
2025-01-01,206,4,43,6244.72
2025-01-01,206,3,43,3065.7
2025-01-01,216,1,3,26.98
2025-01-01,216,2,64,1952.58
2025-01-01,216,4,6,602.97
2025-01-01,216,3,34,2173.73
2025-01-01,229,2,36,1196.72
2025-01-01,229,4,51,7918.6
2025-01-01,229,3,53,3930.68
2025-01-01,233,3,1,70.0
2025-01-01,242,4,3,1197.0
2025-02-01,17,2,18,637.87
2025-02-01,17,4,53,9656.59
2025-02-01,17,3,39,2894.81
2025-02-01,18,2,28,1076.83
2025-02-01,18,4,29,4429.78
2025-02-01,18,3,38,2651.8
2025-02-01,19,3,3,150.0
2025-02-01,25,2,31,1043.85
2025-02-01,25,4,35,5654.74
2025-02-01,25,3,22,1541.89
2025-02-01,28,2,32,1070.79
2025-02-01,28,4,29,4387.84
2025-02-01,28,3,34,2434.72
2025-02-01,32,4,42,13344.7
2025-02-01,32,6,24,31042.83
2025-02-01,32,5,42,29935.72
2025-02-01,45,2,1,43.99
2025-02-01,45,4,88,22550.4
2025-02-01,45,3,5,407.98
2025-02-01,45,5,22,15190.82
2025-02-01,51,2,48,1421.67
2025-02-01,51,4,18,2456.86
2025-02-01,51,3,38,2783.69
2025-02-01,58,4,32,10237.77
2025-02-01,58,6,37,55005.75
2025-02-01,58,5,35,25069.77
2025-02-01,77,2,5,197.97
2025-02-01,77,4,75,16356.49
2025-02-01,77,3,13,971.9
2025-02-01,77,5,3,1502.97
2025-02-01,96,2,21,750.88
2025-02-01,96,4,34,5437.76
2025-02-01,96,3,55,3931.69
2025-02-01,97,2,6,237.96
2025-02-01,97,4,65,13546.54
2025-02-01,97,3,26,1990.83
2025-02-01,104,2,24,862.81
2025-02-01,104,4,31,4793.79
2025-02-01,104,3,56,4039.65
2025-02-01,132,2,29,1033.77
2025-02-01,132,4,45,6863.71
2025-02-01,132,3,35,2537.77
2025-02-01,162,2,30,986.8
2025-02-01,162,4,47,7273.68
2025-02-01,162,3,42,2983.69
2025-02-01,198,2,31,1010.78
2025-02-01,198,4,35,5047.75
2025-02-01,198,3,38,2723.72
2025-02-01,206,2,31,1018.8
2025-02-01,206,4,44,6840.67
2025-02-01,206,3,37,2573.74
2025-02-01,216,1,2,14.0
2025-02-01,216,2,69,1849.51
2025-02-01,216,4,7,705.94
2025-02-01,216,3,23,1528.86
2025-02-01,229,2,25,925.83
2025-02-01,229,4,31,4659.79
2025-02-01,229,3,45,3082.73
2025-03-01,17,2,17,578.89
2025-03-01,17,4,66,11929.51
2025-03-01,17,3,40,3018.73
2025-03-01,18,2,38,1343.69
2025-03-01,18,4,32,4676.83
2025-03-01,18,3,48,3491.69
2025-03-01,25,2,40,1246.71
2025-03-01,25,4,30,4544.8
2025-03-01,25,3,39,2769.74
2025-03-01,28,2,44,1542.7
2025-03-01,28,4,29,4753.78
2025-03-01,28,3,36,2663.72
2025-03-01,32,4,68,22092.54
2025-03-01,32,6,27,37159.8
2025-03-01,32,3,2,180.99
2025-03-01,32,5,45,32161.7
2025-03-01,45,2,1,37.99
2025-03-01,45,4,103,26558.27
2025-03-01,45,3,4,307.98
2025-03-01,45,5,29,20908.81
2025-03-01,51,2,55,1743.66
2025-03-01,51,4,29,3976.81
2025-03-01,51,3,46,3327.67
2025-03-01,58,4,49,16429.64
2025-03-01,58,6,50,74432.62
2025-03-01,58,5,61,45587.56
2025-03-01,66,4,1,102.0
2025-03-01,77,2,2,94.98
2025-03-01,77,4,68,16089.49
2025-03-01,77,3,16,1253.88
2025-03-01,77,5,7,3505.94
2025-03-01,96,2,39,1369.72
2025-03-01,96,4,26,3861.82
2025-03-01,96,3,43,2967.68
2025-03-01,97,2,9,313.94
2025-03-01,97,4,79,15366.44
2025-03-01,97,3,30,2363.77
2025-03-01,104,2,47,1585.67
2025-03-01,104,4,55,8575.63
2025-03-01,104,3,49,3473.66
2025-03-01,122,4,1,103.0
2025-03-01,132,2,35,1214.81
2025-03-01,132,4,39,5577.7
2025-03-01,132,3,43,2995.71
2025-03-01,162,2,32,1093.76
2025-03-01,162,4,51,7790.65
2025-03-01,162,3,47,3338.67
2025-03-01,198,2,33,1052.75
2025-03-01,198,4,33,5188.73
2025-03-01,198,3,45,3269.69
2025-03-01,206,2,34,1073.76
2025-03-01,206,4,42,5992.71
2025-03-01,206,3,33,2408.79
2025-03-01,216,1,2,13.0
2025-03-01,216,2,80,2522.44
2025-03-01,216,4,12,1208.91
2025-03-01,216,3,30,2105.84
2025-03-01,229,2,31,1035.77
2025-03-01,229,4,41,6384.71
2025-03-01,229,3,38,2726.69
2025-04-01,17,2,17,675.84
2025-04-01,17,4,64,11921.59
2025-04-01,17,3,46,3329.67
2025-04-01,18,2,31,1052.78
2025-04-01,18,4,40,6262.73
2025-04-01,18,3,52,3657.65
2025-04-01,25,2,30,1054.76
2025-04-01,25,4,42,6374.68
2025-04-01,25,3,44,2936.68
2025-04-01,28,2,38,1296.76
2025-04-01,28,4,42,6710.7
2025-04-01,28,3,47,3393.65
2025-04-01,32,4,50,17248.68
2025-04-01,32,6,21,29497.86
2025-04-01,32,3,1,73.99
2025-04-01,32,5,43,31485.76
2025-04-01,45,2,1,42.99
2025-04-01,45,4,84,21949.4
2025-04-01,45,3,10,903.94
2025-04-01,45,5,17,12113.85
2025-04-01,51,2,50,1711.7
2025-04-01,51,4,25,3422.83
2025-04-01,51,3,33,2296.76
2025-04-01,58,4,35,11834.79
2025-04-01,58,6,37,52207.74
2025-04-01,58,5,40,29318.73
2025-04-01,77,2,6,210.96
2025-04-01,77,4,81,17486.46
2025-04-01,77,3,20,1463.84
2025-04-01,77,5,8,4004.95
2025-04-01,91,2,2,34.78
2025-04-01,96,2,34,1109.75
2025-04-01,96,4,44,6487.7
2025-04-01,96,3,41,2802.68
2025-04-01,97,2,9,359.95
2025-04-01,97,4,90,18953.33
2025-04-01,97,3,24,1889.81
2025-04-01,104,2,34,1220.79
2025-04-01,104,4,39,6013.73
2025-04-01,104,3,36,2519.72
2025-04-01,132,2,33,1130.78
2025-04-01,132,4,40,6164.7
2025-04-01,132,3,41,2936.75
2025-04-01,146,4,1,149.0
2025-04-01,162,2,34,1228.76
2025-04-01,162,4,42,6547.67
2025-04-01,162,3,28,1895.78
2025-04-01,198,2,51,1808.62
2025-04-01,198,4,39,5897.73
2025-04-01,198,3,52,3697.63
2025-04-01,205,2,3,68.97
2025-04-01,206,2,32,1047.8
2025-04-01,206,4,34,4946.77
2025-04-01,206,3,45,3305.63
2025-04-01,216,1,4,29.98
2025-04-01,216,2,90,2742.37
2025-04-01,216,4,9,906.93
2025-04-01,216,3,39,2560.77
2025-04-01,229,2,31,1004.8
2025-04-01,229,4,46,6834.68
2025-04-01,229,3,58,4172.62
2025-04-01,242,3,1,99.0
2025-05-01,17,2,22,850.85
2025-05-01,17,4,65,12617.57
2025-05-01,17,3,35,2745.76
2025-05-01,18,2,35,1197.76
2025-05-01,18,4,42,6778.69
2025-05-01,18,3,62,4472.56
2025-05-01,25,2,31,1017.75
2025-05-01,25,4,43,6735.76
2025-05-01,25,3,42,3096.74
2025-05-01,28,2,27,993.82
2025-05-01,28,4,35,5179.75
2025-05-01,28,3,59,4204.58
2025-05-01,32,4,65,21498.58
2025-05-01,32,6,23,28861.83
2025-05-01,32,3,1,85.0
2025-05-01,32,5,47,33992.67
2025-05-01,40,2,1,32.39
2025-05-01,42,4,1,100.11
2025-05-01,45,2,1,48.99
2025-05-01,45,4,93,24698.41
2025-05-01,45,3,11,933.91
2025-05-01,45,5,28,19884.76
2025-05-01,51,2,49,1556.65
2025-05-01,51,4,24,3317.85
2025-05-01,51,3,53,3758.7
2025-05-01,58,4,33,11774.76
2025-05-01,58,6,43,67387.73
2025-05-01,58,5,47,35073.67
2025-05-01,77,2,9,369.96
2025-05-01,77,4,91,20643.31
2025-05-01,77,3,27,2048.79
2025-05-01,77,5,5,2503.96
2025-05-01,85,3,2,199.98
2025-05-01,95,2,7,86.14
2025-05-01,96,2,45,1508.7
2025-05-01,96,4,32,4757.78
2025-05-01,96,3,56,3962.61
2025-05-01,97,2,5,146.97
2025-05-01,97,4,82,16744.44
2025-05-01,97,3,20,1653.87
2025-05-01,104,2,35,1276.77
2025-05-01,104,4,55,8923.64
2025-05-01,104,3,37,2527.79
2025-05-01,108,4,1,100.0
2025-05-01,110,2,1,22.02
2025-05-01,127,2,1,25.73
2025-05-01,130,4,5,1400.0
2025-05-01,132,2,36,1267.75
2025-05-01,132,4,41,6376.73
2025-05-01,132,3,50,3617.65
2025-05-01,162,2,41,1419.72
2025-05-01,162,4,38,5981.7
2025-05-01,162,3,34,2493.77
2025-05-01,179,3,1,56.0
2025-05-01,198,2,45,1500.7
2025-05-01,198,4,47,7450.6
2025-05-01,198,3,45,3385.7
2025-05-01,205,2,8,172.99
2025-05-01,206,2,33,1101.75
2025-05-01,206,4,37,5690.74
2025-05-01,206,3,45,3311.65
2025-05-01,216,1,3,18.98
2025-05-01,216,2,78,2252.41
2025-05-01,216,4,14,1408.91
2025-05-01,216,3,35,2395.71
2025-05-01,229,2,24,743.81
2025-05-01,229,4,42,6205.68
2025-05-01,229,3,42,3084.66
2025-05-01,243,3,2,194.0
2025-06-01,14,2,3,56.67
2025-06-01,17,2,11,406.92
2025-06-01,17,4,63,12067.54
2025-06-01,17,3,34,2521.74
2025-06-01,18,2,31,946.81
2025-06-01,18,4,31,4571.83
2025-06-01,18,3,35,2552.76
2025-06-01,19,2,1,24.23
2025-06-01,25,2,31,1061.78
2025-06-01,25,4,37,5479.75
2025-06-01,25,3,45,3261.71
2025-06-01,28,2,42,1519.69
2025-06-01,28,4,51,7530.61
2025-06-01,28,3,44,3286.66
2025-06-01,29,1,1,5.46
2025-06-01,29,2,2,21.98
2025-06-01,32,4,49,16913.7
2025-06-01,32,6,28,35689.79
2025-06-01,32,3,1,55.99
2025-06-01,32,5,49,34542.62
2025-06-01,39,2,1,33.87
2025-06-01,42,1,2,19.42
2025-06-01,42,2,8,239.67
2025-06-01,42,4,1,100.11
2025-06-01,42,3,5,257.8
2025-06-01,45,4,86,21781.38
2025-06-01,45,3,14,1103.88
2025-06-01,45,5,17,10756.86
2025-06-01,46,4,1,160.0
2025-06-01,47,2,4,68.04
2025-06-01,51,2,41,1299.68
2025-06-01,51,4,20,2702.86
2025-06-01,51,3,39,2834.73
2025-06-01,58,4,42,13096.69
2025-06-01,58,6,24,36599.88
2025-06-01,58,5,48,32983.66
2025-06-01,66,3,1,70.0
2025-06-01,76,3,1,60.0
2025-06-01,77,2,3,121.97
2025-06-01,77,4,71,17140.59
2025-06-01,77,3,17,1321.89
2025-06-01,77,5,8,4004.95
2025-06-01,95,2,3,122.54
2025-06-01,95,3,2,101.3
2025-06-01,96,2,41,1436.74
2025-06-01,96,4,41,6450.75
2025-06-01,96,3,52,3711.62
2025-06-01,97,2,12,442.92
2025-06-01,97,4,70,16335.54
2025-06-01,97,3,28,2106.83
2025-06-01,102,2,1,25.0
2025-06-01,104,2,42,1498.64
2025-06-01,104,4,30,4433.76
2025-06-01,104,3,56,4120.56
2025-06-01,108,2,1,17.9
2025-06-01,116,3,3,285.0
2025-06-01,121,2,1,21.05
2025-06-01,121,4,4,561.4
2025-06-01,121,3,2,118.76
2025-06-01,122,2,1,30.99
2025-06-01,127,2,2,32.38
2025-06-01,132,2,37,1338.7
2025-06-01,132,4,24,3548.85
2025-06-01,132,3,33,2366.77
2025-06-01,148,2,1,32.88
2025-06-01,162,2,31,1092.76
2025-06-01,162,4,39,5896.71
2025-06-01,162,3,45,3215.7
2025-06-01,198,2,30,1080.77
2025-06-01,198,4,40,5522.72
2025-06-01,198,3,52,3716.64
2025-06-01,206,2,39,1320.69
2025-06-01,206,4,41,6538.7
2025-06-01,206,3,51,3681.66
2025-06-01,216,1,2,15.98
2025-06-01,216,2,69,2012.53
2025-06-01,216,4,4,403.96
2025-06-01,216,3,24,1602.81
2025-06-01,218,2,3,68.61
2025-06-01,229,2,31,1008.75
2025-06-01,229,4,47,7350.71
2025-06-01,229,3,48,3281.67
2025-06-01,243,1,2,11.96
2025-06-01,243,2,2,79.98
2025-07-01,2,4,3,456.0
2025-07-01,17,2,22,763.82
2025-07-01,17,4,62,11070.54
2025-07-01,17,3,34,2603.8
2025-07-01,18,2,41,1342.72
2025-07-01,18,4,56,8707.61
2025-07-01,18,3,52,3969.68
2025-07-01,25,2,43,1509.68
2025-07-01,25,4,30,4478.76
2025-07-01,25,3,34,2623.75
2025-07-01,28,2,36,1282.75
2025-07-01,28,4,48,7195.7
2025-07-01,28,3,43,3146.69
2025-07-01,31,3,1,80.0
2025-07-01,32,4,48,14583.67
2025-07-01,32,6,25,32012.79
2025-07-01,32,3,4,309.97
2025-07-01,32,5,34,24083.77
2025-07-01,39,2,1,39.57
2025-07-01,39,4,1,262.01
2025-07-01,39,3,1,84.29
2025-07-01,45,2,3,119.97
2025-07-01,45,4,84,24221.43
2025-07-01,45,3,8,688.94
2025-07-01,45,5,20,13440.87
2025-07-01,51,2,40,1289.74
2025-07-01,51,4,28,3675.82
2025-07-01,51,3,31,2378.81
2025-07-01,58,4,46,16289.67
2025-07-01,58,6,45,63981.65
2025-07-01,58,5,54,37969.62
2025-07-01,62,2,1,48.87
2025-07-01,66,4,1,139.0
2025-07-01,66,3,1,68.8
2025-07-01,77,2,5,185.96
2025-07-01,77,4,99,22168.36
2025-07-01,77,3,16,1227.88
2025-07-01,77,5,6,3004.95
2025-07-01,79,3,3,293.25
2025-07-01,89,4,1,146.58
2025-07-01,95,2,2,33.98
2025-07-01,96,2,38,1302.67
2025-07-01,96,4,45,6642.66
2025-07-01,96,3,28,2021.77
2025-07-01,97,2,9,343.93
2025-07-01,97,4,86,18561.41
2025-07-01,97,3,24,1767.87
2025-07-01,104,2,30,990.8
2025-07-01,104,4,38,5972.72
2025-07-01,104,3,43,3098.74
2025-07-01,105,2,1,11.22
2025-07-01,106,3,1,56.69
2025-07-01,110,2,1,42.27
2025-07-01,128,2,6,185.7
2025-07-01,132,2,40,1330.69
2025-07-01,132,4,35,5126.75
2025-07-01,132,3,46,3408.68
2025-07-01,141,2,2,69.98
2025-07-01,162,2,43,1590.77
2025-07-01,162,4,41,6329.71
2025-07-01,162,3,50,3699.59
2025-07-01,165,2,1,21.99
2025-07-01,175,4,2,390.98
2025-07-01,177,2,1,18.9
2025-07-01,198,2,30,1020.83
2025-07-01,198,4,32,4827.79
2025-07-01,198,3,51,3828.63
2025-07-01,205,2,1,17.99
2025-07-01,206,2,29,1058.79
2025-07-01,206,4,37,5634.75
2025-07-01,206,3,54,3728.61
2025-07-01,216,1,5,41.95
2025-07-01,216,2,87,2530.38
2025-07-01,216,4,10,1007.92
2025-07-01,216,3,28,1870.81
2025-07-01,229,2,39,1300.77
2025-07-01,229,4,40,5867.73
2025-07-01,229,3,42,3059.72
2025-07-01,230,4,1,131.83
2025-07-01,231,4,3,384.0
2025-07-01,232,4,3,482.0
2025-08-01,14,2,4,106.16
2025-08-01,17,2,16,605.87
2025-08-01,17,4,58,10319.56
2025-08-01,17,3,46,3104.65
2025-08-01,18,2,40,1192.74
2025-08-01,18,4,56,8550.57
2025-08-01,18,3,32,2389.76
2025-08-01,19,2,2,53.98
2025-08-01,25,2,22,810.87
2025-08-01,25,4,34,5544.77
2025-08-01,25,3,42,3057.71
2025-08-01,28,2,38,1229.69
2025-08-01,28,4,53,8761.57
2025-08-01,28,3,39,3015.75
2025-08-01,32,4,47,15462.6
2025-08-01,32,6,23,28301.85
2025-08-01,32,3,3,221.98
2025-08-01,32,5,42,30332.71
2025-08-01,42,2,1,29.66
2025-08-01,45,2,3,136.98
2025-08-01,45,4,92,24302.42
2025-08-01,45,3,9,669.94
2025-08-01,45,5,20,14258.84
2025-08-01,51,2,57,1775.59
2025-08-01,51,4,25,3345.84
2025-08-01,51,3,40,2704.7
2025-08-01,53,2,1,49.7
2025-08-01,58,4,38,12842.7
2025-08-01,58,6,24,36167.86
2025-08-01,58,3,2,182.99
2025-08-01,58,5,35,24046.79
2025-08-01,64,3,1,67.19
2025-08-01,66,4,4,619.18
2025-08-01,77,2,1,29.99
2025-08-01,77,4,67,15167.5
2025-08-01,77,3,19,1476.87
2025-08-01,77,5,7,3501.98
2025-08-01,87,4,4,799.96
2025-08-01,90,2,1,15.39
2025-08-01,95,2,3,48.0
2025-08-01,96,2,22,761.85
2025-08-01,96,4,39,5463.77
2025-08-01,96,3,47,3238.67
2025-08-01,97,2,6,217.94
2025-08-01,97,4,110,22682.25
2025-08-01,97,3,32,2488.76
2025-08-01,104,2,37,1245.79
2025-08-01,104,4,24,3487.84
2025-08-01,104,3,47,3350.68
2025-08-01,128,2,4,133.3
2025-08-01,132,2,27,922.84
2025-08-01,132,4,30,4302.8
2025-08-01,132,3,54,3791.61
2025-08-01,136,3,2,160.0
2025-08-01,139,2,1,44.79
2025-08-01,149,2,2,26.36
2025-08-01,150,3,1,57.2
2025-08-01,162,2,33,1186.74
2025-08-01,162,4,43,6431.76
2025-08-01,162,3,40,2939.71
2025-08-01,163,2,2,45.2
2025-08-01,167,2,2,64.0
2025-08-01,182,3,4,243.96
2025-08-01,198,2,38,1466.71
2025-08-01,198,4,40,5745.69
2025-08-01,198,3,38,2826.71
2025-08-01,204,2,1,17.81
2025-08-01,205,2,1,19.63
2025-08-01,206,2,42,1294.72
2025-08-01,206,4,40,5859.72
2025-08-01,206,3,32,2396.79
2025-08-01,216,1,1,5.99
2025-08-01,216,2,67,1906.56
2025-08-01,216,4,5,503.96
2025-08-01,216,3,29,1920.81
2025-08-01,228,4,2,300.0
2025-08-01,229,2,38,1257.71
2025-08-01,229,4,44,6676.73
2025-08-01,229,3,42,3014.72
2025-08-01,233,4,6,2400.0
2025-08-01,235,2,2,97.74
2025-08-01,235,3,2,152.73
2025-08-01,243,2,2,61.0
2025-09-01,12,3,1,52.99
2025-09-01,14,2,4,140.36
2025-09-01,17,2,18,679.92
2025-09-01,17,4,38,6501.73
2025-09-01,17,3,38,3015.75
2025-09-01,18,2,27,929.82
2025-09-01,18,4,35,5891.73
2025-09-01,18,3,33,2442.75
2025-09-01,25,2,36,1222.75
2025-09-01,25,4,21,3298.84
2025-09-01,25,3,37,2661.78
2025-09-01,28,2,27,864.82
2025-09-01,28,4,36,5903.74
2025-09-01,28,3,30,2104.83
2025-09-01,32,4,52,15564.63
2025-09-01,32,6,17,22310.9
2025-09-01,32,3,2,150.99
2025-09-01,32,5,39,28267.72
2025-09-01,35,3,2,159.98
2025-09-01,36,2,2,33.38
2025-09-01,37,2,1,35.75
2025-09-01,38,1,1,5.06
2025-09-01,41,2,2,79.98
2025-09-01,41,3,2,104.0
2025-09-01,42,2,1,15.09
2025-09-01,45,2,3,130.97
2025-09-01,45,4,78,20912.45
2025-09-01,45,3,10,885.94
2025-09-01,45,5,18,11818.87
2025-09-01,47,1,1,8.27
2025-09-01,51,2,47,1500.74
2025-09-01,51,4,15,1989.91
2025-09-01,51,3,29,1917.79
2025-09-01,54,2,1,49.99
2025-09-01,58,4,37,12286.74
2025-09-01,58,6,21,32139.86
2025-09-01,58,5,28,20638.76
2025-09-01,66,4,5,585.0
2025-09-01,66,3,3,288.0
2025-09-01,74,1,1,8.34
2025-09-01,74,2,2,90.7
2025-09-01,77,2,4,172.97
2025-09-01,77,4,78,17208.46
2025-09-01,77,3,22,1743.83
2025-09-01,77,5,9,4506.93
2025-09-01,95,1,4,31.46
2025-09-01,95,2,2,33.98
2025-09-01,96,2,29,921.78
2025-09-01,96,4,33,5312.77
2025-09-01,96,3,48,3445.64
2025-09-01,97,2,7,296.98
2025-09-01,97,4,66,13925.54
2025-09-01,97,3,26,1997.8
2025-09-01,100,1,1,8.96
2025-09-01,104,2,30,1033.76
2025-09-01,104,4,42,6192.68
2025-09-01,104,3,36,2546.72
2025-09-01,108,3,7,599.93
2025-09-01,118,4,1,239.99
2025-09-01,121,1,3,16.95
2025-09-01,132,2,31,1146.81
2025-09-01,132,4,30,4294.77
2025-09-01,132,3,48,3352.68
2025-09-01,142,2,1,13.29
2025-09-01,154,2,1,44.79
2025-09-01,155,1,1,9.01
2025-09-01,157,2,5,121.45
2025-09-01,162,2,36,1244.77
2025-09-01,162,4,33,5046.76
2025-09-01,162,3,42,2963.7
2025-09-01,167,2,2,52.0
2025-09-01,186,2,2,30.04
2025-09-01,198,2,30,1094.82
2025-09-01,198,4,35,5498.76
2025-09-01,198,3,36,2585.76
2025-09-01,199,2,2,30.7
2025-09-01,205,2,5,105.92
2025-09-01,206,2,26,839.84
2025-09-01,206,4,38,5873.77
2025-09-01,206,3,46,3298.68
2025-09-01,216,1,8,59.94
2025-09-01,216,2,76,2078.48
2025-09-01,216,4,9,903.96
2025-09-01,216,3,25,1681.83
2025-09-01,229,2,33,1116.8
2025-09-01,229,4,39,5915.7
2025-09-01,229,3,45,3198.62
2025-09-01,232,3,1,90.0
2025-09-01,235,2,1,48.87
2025-09-01,237,2,1,17.81
2025-09-01,240,2,1,29.7
2025-09-01,243,2,2,33.74
2025-10-01,6,2,1,12.49
2025-10-01,12,3,1,52.99
2025-10-01,15,3,1,99.99
2025-10-01,17,2,13,451.9
2025-10-01,17,4,67,11954.52
2025-10-01,17,3,28,2242.83
2025-10-01,18,2,33,1120.78
2025-10-01,18,4,33,4893.75
2025-10-01,18,3,49,3541.61
2025-10-01,19,2,5,150.95
2025-10-01,19,3,3,191.12
2025-10-01,22,4,1,129.95
2025-10-01,25,2,25,848.81
2025-10-01,25,4,38,5784.76
2025-10-01,25,3,37,2577.76
2025-10-01,28,2,32,1063.75
2025-10-01,28,4,27,4093.84
2025-10-01,28,3,51,3641.61
2025-10-01,32,4,50,15959.67
2025-10-01,32,6,23,30990.85
2025-10-01,32,3,1,92.99
2025-10-01,32,5,42,31196.7
2025-10-01,39,2,3,129.97
2025-10-01,41,2,6,158.94
2025-10-01,42,2,1,39.99
2025-10-01,45,2,1,30.0
2025-10-01,45,4,83,21533.45
2025-10-01,45,3,3,248.98
2025-10-01,45,5,14,9508.9
2025-10-01,47,3,3,227.19
2025-10-01,49,2,2,64.78
2025-10-01,51,2,34,1130.77
2025-10-01,51,4,26,3445.8
2025-10-01,51,3,54,3681.59
2025-10-01,58,4,29,9440.79
2025-10-01,58,6,32,48190.76
2025-10-01,58,3,1,54.99
2025-10-01,58,5,51,36797.57
2025-10-01,61,2,2,26.86
2025-10-01,62,3,1,69.99
2025-10-01,66,4,2,288.9
2025-10-01,66,3,8,705.6
2025-10-01,72,2,1,19.43
2025-10-01,77,2,5,220.95
2025-10-01,77,4,85,19354.36
2025-10-01,77,3,22,1698.87
2025-10-01,77,5,3,1501.98
2025-10-01,80,2,1,17.6
2025-10-01,83,2,2,26.9
2025-10-01,95,2,2,23.0
2025-10-01,96,2,25,847.87
2025-10-01,96,4,36,5912.72
2025-10-01,96,3,45,3416.73
2025-10-01,97,2,8,283.93
2025-10-01,97,4,69,14565.56
2025-10-01,97,3,17,1202.89
2025-10-01,99,3,1,82.52
2025-10-01,104,2,30,988.77
2025-10-01,104,4,31,4684.77
2025-10-01,104,3,52,3726.64
2025-10-01,107,1,3,25.86
2025-10-01,110,2,2,89.58
2025-10-01,122,3,1,71.67
2025-10-01,128,1,3,26.85
2025-10-01,132,2,31,1064.79
2025-10-01,132,4,43,6638.73
2025-10-01,132,3,45,3293.64
2025-10-01,136,4,2,318.0
2025-10-01,147,3,3,255.0
2025-10-01,158,2,1,33.99
2025-10-01,162,2,27,960.83
2025-10-01,162,4,38,6016.72
2025-10-01,162,3,43,3168.66
2025-10-01,164,4,1,150.0
2025-10-01,180,2,2,41.98
2025-10-01,188,3,1,50.69
2025-10-01,198,2,36,1331.72
2025-10-01,198,4,36,5026.73
2025-10-01,198,3,42,3077.71
2025-10-01,199,2,6,201.94
2025-10-01,199,3,2,125.98
2025-10-01,202,1,1,8.52
2025-10-01,205,2,12,270.03
2025-10-01,206,2,30,1014.74
2025-10-01,206,4,26,4255.84
2025-10-01,206,3,34,2336.73
2025-10-01,216,1,5,33.96
2025-10-01,216,2,66,1891.52
2025-10-01,216,4,7,703.96
2025-10-01,216,3,29,2077.79
2025-10-01,219,3,4,208.98
2025-10-01,220,3,1,52.99
2025-10-01,228,4,1,249.0
2025-10-01,229,2,39,1459.76
2025-10-01,229,4,43,6339.68
2025-10-01,229,3,33,2474.79
2025-10-01,232,4,6,1480.0
2025-10-01,233,4,1,290.0
2025-10-01,234,2,1,20.0
2025-10-01,241,4,1,125.91
2025-10-01,242,2,1,33.99
2025-10-01,243,4,1,269.0
2025-11-01,1,2,2,68.02
2025-11-01,15,2,1,47.1
2025-11-01,15,4,1,118.91
2025-11-01,17,2,7,256.95
2025-11-01,17,4,52,8437.59
2025-11-01,17,3,43,3208.7
2025-11-01,18,2,26,979.82
2025-11-01,18,4,33,5070.81
2025-11-01,18,3,42,3168.68
2025-11-01,19,2,7,312.5
2025-11-01,24,2,3,86.11
2025-11-01,25,2,35,1241.78
2025-11-01,25,4,36,5478.76
2025-11-01,25,3,46,3402.65
2025-11-01,27,3,1,69.99
2025-11-01,28,2,23,822.83
2025-11-01,28,4,35,5311.8
2025-11-01,28,3,41,2906.69
2025-11-01,31,4,2,253.4
2025-11-01,32,4,64,20284.54
2025-11-01,32,6,24,32343.8
2025-11-01,32,3,1,58.99
2025-11-01,32,5,36,25930.73
2025-11-01,33,2,1,17.3
2025-11-01,35,4,1,220.75
2025-11-01,41,2,17,468.91
2025-11-01,43,3,11,977.92
2025-11-01,45,4,67,16395.56
2025-11-01,45,3,7,559.94
2025-11-01,45,5,15,10467.93
2025-11-01,47,2,8,172.47
2025-11-01,51,2,42,1294.66
2025-11-01,51,4,30,3979.81
2025-11-01,51,3,42,3095.68
2025-11-01,52,2,1,14.19
2025-11-01,58,4,34,12188.72
2025-11-01,58,6,23,35470.89
2025-11-01,58,3,1,94.0
2025-11-01,58,5,50,37028.62
2025-11-01,63,3,1,94.99
2025-11-01,66,2,2,99.9
2025-11-01,66,4,3,759.9
2025-11-01,66,3,3,250.0
2025-11-01,67,2,1,49.95
2025-11-01,71,3,1,85.9
2025-11-01,77,2,8,333.93
2025-11-01,77,4,64,14469.61
2025-11-01,77,3,19,1307.93
2025-11-01,77,5,1,500.99
2025-11-01,84,3,1,51.16
2025-11-01,86,4,2,300.0
2025-11-01,88,4,4,445.52
2025-11-01,95,2,1,11.99
2025-11-01,96,2,39,1352.77
2025-11-01,96,4,35,5383.74
2025-11-01,96,3,39,2939.69
2025-11-01,97,2,4,146.97
2025-11-01,97,4,79,17564.51
2025-11-01,97,3,31,2240.77
2025-11-01,104,2,35,1257.74
2025-11-01,104,4,35,5393.74
2025-11-01,104,3,45,3332.69
2025-11-01,111,3,2,113.98
2025-11-01,112,2,1,13.87
2025-11-01,115,2,2,53.64
2025-11-01,125,3,1,74.15
2025-11-01,131,3,4,384.4
2025-11-01,132,2,34,1214.69
2025-11-01,132,4,35,5357.76
2025-11-01,132,3,37,2619.71
2025-11-01,134,2,2,23.36
2025-11-01,135,2,2,99.98
2025-11-01,146,4,6,1194.0
2025-11-01,162,2,33,1207.77
2025-11-01,162,4,30,4702.8
2025-11-01,162,3,40,2859.7
2025-11-01,163,3,3,295.56
2025-11-01,165,3,1,75.03
2025-11-01,171,2,2,30.34
2025-11-01,174,3,2,140.0
2025-11-01,175,3,1,85.0
2025-11-01,189,2,4,79.96
2025-11-01,198,2,30,1055.76
2025-11-01,198,4,36,5564.73
2025-11-01,198,3,31,2227.76
2025-11-01,206,2,32,1169.79
2025-11-01,206,4,30,4375.75
2025-11-01,206,3,45,3230.71
2025-11-01,210,2,4,102.1
2025-11-01,211,2,1,42.9
2025-11-01,216,1,2,16.99
2025-11-01,216,2,56,1592.63
2025-11-01,216,4,12,1208.91
2025-11-01,216,3,32,2230.79
2025-11-01,219,2,2,98.34
2025-11-01,220,2,3,149.97
2025-11-01,222,2,2,33.38
2025-11-01,229,2,39,1315.75
2025-11-01,229,4,33,4953.79
2025-11-01,229,3,39,2760.71
2025-11-01,230,4,3,485.11
2025-11-01,230,3,2,140.14
2025-11-01,232,3,2,100.0
2025-11-01,240,2,2,69.86
2025-12-01,11,4,3,534.0
2025-12-01,17,2,16,497.9
2025-12-01,17,4,56,9919.61
2025-12-01,17,3,20,1497.83
2025-12-01,18,2,31,1081.8
2025-12-01,18,4,23,3515.84
2025-12-01,18,3,43,3163.71
2025-12-01,19,2,5,193.55
2025-12-01,19,3,2,107.78
2025-12-01,21,2,1,10.56
2025-12-01,24,2,4,133.01
2025-12-01,25,2,33,1031.75
2025-12-01,25,4,29,4500.77
2025-12-01,25,3,41,3072.71
2025-12-01,26,2,1,49.99
2025-12-01,28,2,20,720.88
2025-12-01,28,4,33,5282.77
2025-12-01,28,3,35,2662.79
2025-12-01,30,2,1,15.95
2025-12-01,32,4,32,10425.83
2025-12-01,32,6,12,16149.94
2025-12-01,32,5,32,21179.81
2025-12-01,38,2,1,13.22
2025-12-01,41,2,3,114.97
2025-12-01,45,2,1,44.0
2025-12-01,45,4,61,15908.58
2025-12-01,45,3,7,547.94
2025-12-01,45,5,17,11296.89
2025-12-01,47,3,1,77.84
2025-12-01,48,3,2,190.06
2025-12-01,51,2,32,1091.78
2025-12-01,51,4,19,2547.84
2025-12-01,51,3,29,2020.78
2025-12-01,57,3,1,69.9
2025-12-01,58,4,34,12981.75
2025-12-01,58,6,27,40691.78
2025-12-01,58,5,28,19985.82
2025-12-01,65,2,4,97.16
2025-12-01,66,4,5,1143.79
2025-12-01,66,3,6,439.8
2025-12-01,68,4,1,119.99
2025-12-01,69,2,1,24.43
2025-12-01,73,2,2,89.58
2025-12-01,77,4,70,15560.49
2025-12-01,77,3,14,1069.9
2025-12-01,77,5,4,2000.99
2025-12-01,78,2,5,249.95
2025-12-01,95,1,5,43.23
2025-12-01,95,2,3,61.98
2025-12-01,96,2,30,1141.77
2025-12-01,96,4,25,4121.82
2025-12-01,96,3,30,2098.8
2025-12-01,97,2,3,131.98
2025-12-01,97,4,58,12241.6
2025-12-01,97,3,18,1342.9
2025-12-01,98,2,1,35.09
2025-12-01,104,2,22,766.82
2025-12-01,104,4,28,4118.82
2025-12-01,104,3,50,3525.61
2025-12-01,108,2,2,65.7
2025-12-01,109,4,1,184.99
2025-12-01,110,3,4,249.41
2025-12-01,121,2,1,10.46
2025-12-01,128,2,13,459.47
2025-12-01,129,3,1,59.99
2025-12-01,132,2,28,919.8
2025-12-01,132,4,20,3273.84
2025-12-01,132,3,30,2191.75
2025-12-01,135,2,2,99.98
2025-12-01,139,4,1,195.0
2025-12-01,140,4,1,149.99
2025-12-01,147,3,2,111.98
2025-12-01,151,2,1,38.87
2025-12-01,152,2,2,60.2
2025-12-01,153,2,6,281.94
2025-12-01,156,3,3,237.0
2025-12-01,161,2,1,38.85
2025-12-01,162,2,16,546.89
2025-12-01,162,4,34,5402.75
2025-12-01,162,3,30,2170.8
2025-12-01,165,1,1,7.85
2025-12-01,169,2,3,93.71
2025-12-01,173,2,1,25.89
2025-12-01,175,3,1,96.76
2025-12-01,180,2,3,32.97
2025-12-01,184,4,3,465.0
2025-12-01,191,3,2,141.74
2025-12-01,195,2,2,75.74
2025-12-01,198,2,23,664.83
2025-12-01,198,4,23,3499.86
2025-12-01,198,3,30,2189.78
2025-12-01,206,2,24,819.83
2025-12-01,206,4,21,3030.86
2025-12-01,206,3,30,2153.77
2025-12-01,210,2,8,314.28
2025-12-01,210,3,3,194.03
2025-12-01,212,3,1,67.99
2025-12-01,213,2,3,140.97
2025-12-01,216,1,2,14.98
2025-12-01,216,2,31,889.8
2025-12-01,216,4,6,602.97
2025-12-01,216,3,21,1458.84
2025-12-01,220,3,6,317.94
2025-12-01,228,4,5,814.8
2025-12-01,228,3,1,99.95
2025-12-01,229,1,1,5.0
2025-12-01,229,2,20,729.88
2025-12-01,229,4,27,3955.77
2025-12-01,229,3,32,2360.84
2025-12-01,235,2,5,218.45
2025-12-01,239,3,1,78.71
2025-12-01,242,3,3,257.0
2025-12-01,243,2,16,467.54
2025-12-01,243,4,11,2583.0
2025-12-01,243,3,1,83.99
